faceit_elo,level
1186.1663446573511,4.458174827229045
2857.071488588757,10.0
2222.7824312530747,10.0
1836.109604171406,8.060899434247837
552.4540572830658,1.0
552.3841089749876,1.3737931337365945
268.44247528777845,1.0
2611.910822747312,10.0
1843.2335340553054,7.240655227216908
2153.410475608532,9.198210513162522
159.6950334578271,1.0
2912.7385712697837,10.0
2514.083658321223,10.0
715.7834209670009,1.8782163633304354
627.2924049005918,1.3514948378063854
631.8730785749581,1.2673678533305632
982.3025045826594,4.470785067081955
1621.7936517334897,6.851957285244023
1352.6405540621356,4.506672397709651
944.5645065743215,3.7735397011044736
1874.3733946949005,9.145160691682083
504.53219589092134,1.642140135785295
947.2194807521327,2.3244754241882553
1162.4493455517058,4.021706284038778
1422.6029542294043,6.373161460658995
2377.0102880397394,9.96044976082743
679.0539682592432,2.161561498183953
1591.2798713994737,6.921179789054971
1818.0022496999231,7.033852965552766
234.7061968879934,1.0
1861.8800705141712,5.864639948529413
594.5199586931454,1.0
288.6496196573106,1.0
2851.7680580346664,10.0
2900.3328959162222,10.0
2444.3523095377373,9.863676720912308
983.379930602775,3.1528729609956847
383.2491306185132,1.0
2084.2757768852553,9.786142857865947
1376.4422318448437,4.520693868516555
453.9108810498586,1.4674526565422688
1536.0130393226834,6.1862050332251695
199.72671123413335,1.0
2737.029166028468,10.0
850.4619466400491,2.8717455505443277
2021.3146246265478,8.246442996837462
1003.9621206592917,3.56169185429047
1608.1972614156514,6.3097981489612005
1685.4598100955109,6.995409457628303
636.0779210240285,2.0776680098327702
2911.79542051722,10.0
2347.885187747232,9.49673663944005
2824.5469305361485,10.0
2694.9993162401815,10.0
1833.909938552147,7.578478635739386
2773.4352815670386,10.0
356.62825595056654,1.0
668.350301015521,1.4681317931852491
231.1591378405604,1.0
1043.4579592134664,3.4214892352720323
1227.164140099498,4.282201846330963
886.9121921442982,3.444322218934106
2503.338776540595,10.0
1134.584647411409,3.7571774799006525
914.7100780934043,3.613310315726972
1673.8186411589206,7.053472918320569
508.68025242681165,1.5311185334374344
2426.371244186715,10.0
316.1968666713354,1.0
2961.9721161415,10.0
2339.5098309603063,10.0
676.2754764491,2.2475995415055787
116.01413965844696,1.0
2464.838142519019,10.0
2149.8862971580897,10.0
2214.120787318863,9.215661103292819
2336.6840053892424,10.0
314.7294900288621,1.0
1139.5506127783906,4.06714434195562
436.0202726228762,1.339367474306695
2602.9999350392213,10.0
1907.564567799918,8.525928620599974
1059.6042720726828,4.581308644656011
284.31921582946853,1.0
1001.8487329754204,3.918415447654081
1043.0316338775665,3.528998115431759
2215.857917180386,9.773789397394994
1948.916666930118,8.16649750202998
2672.916953471347,10.0
1469.423282969653,6.204210630110413
446.82331322107495,1.0
2168.4098829466857,10.0
2306.2766409890028,9.427772776045192
1727.703872951539,6.410006197085057
2335.804821868227,10.0
1532.007229456733,6.6350337636614265
1615.9252052077827,6.954097916270207
1339.8689532397939,5.576352071757537
173.71546755787605,1.0
412.8851382805829,1.0
191.14463849152935,1.0
1945.590192664963,7.821653936417548
1011.6323451213474,4.143233565657387
1574.8550043776381,6.286040592986907
2731.94277438567,10.0
822.9474645317373,2.4219058176668904
1290.1104768033263,5.198311256582007
2291.0983017748413,9.617256777191823
763.5146799257052,1.8242411622886672
323.2417385034997,1.0
940.2792134499273,3.3483760099148707
567.5417330366129,1.0335427599603864
2796.123191793462,10.0
2443.549100736809,10.0
1936.870893880228,7.315503864502746
2627.2357115443815,10.0
2430.649023007432,10.0
641.0531707695039,1.5771975628204113
2688.4210956209354,10.0
1664.0925015553871,7.705676237946667
2441.5764499757815,10.0
2698.6647697781304,10.0
1022.2100774184053,3.599640662350413
419.1505811302626,1.0
761.0119713716309,2.2939519752627207
1338.6125870161434,5.0198677517286345
2472.24282117523,10.0
2596.118691443396,10.0
120.16117854045304,1.0
1581.1671774749407,7.32547923517625
1310.4919091314591,4.987203456583181
744.1126503651177,2.4615902850849536
447.6095652676801,1.1521342213650683
1079.083997070521,3.6546877022211035
2834.4381413463057,10.0
1037.2885028601902,3.6939979547700275
1604.4928030557617,6.581069674408107
2138.754980796016,8.7299690336668
1154.5258468999525,4.2873353390551285
2918.168039890786,10.0
2891.0971553321224,10.0
830.1686578935561,3.2264057851189047
1542.020667087918,7.502012809946524
972.547098468632,2.902326954610331
926.0374336946561,3.653579550505688
206.97214732814513,1.0
1867.7365685417008,9.152564602639108
1557.7691673636982,5.8038668656054
249.2883786249691,1.0
908.0747462861732,2.6807381441644527
2733.9710693032957,10.0
794.7294829342201,2.1581944016626435
520.195129064547,1.0
1519.4130048049328,6.187301295910389
2958.386316920742,10.0
801.9602873833512,3.635503940446288
2049.193087477048,9.31621974029687
2308.696884453281,9.697342228868964
789.1488775779591,1.9066955850807805
2211.827410974393,9.854288557775869
1166.5710848858344,3.5407155002167867
1933.6869087213804,9.267309803119515
1937.2361612065947,8.893844878465746
1653.7465838167996,6.487227527821175
361.8403331577841,1.0
2522.37723720879,10.0
1030.262188418034,3.5825870349385993
640.9036801595772,2.447208187981963
218.24791050881535,1.0
1813.5895352459013,7.208322662457243
2064.9366493426187,8.827829466544003
148.10470389078284,1.0
1585.0698690679149,6.1553100624520285
756.83774807402,2.6578986997785994
1971.0010921874045,7.714433203307466
605.6626441144751,1.4428855295595997
2103.7194404971515,9.090774581512896
1221.5325042715585,4.916325821793042
2816.51696733653,10.0
498.81073802338045,1.0
1089.0924180457496,3.0249935877873746
429.0732115977083,1.411972151127647
2781.611493007832,10.0
2644.284124804845,10.0
848.0307203739512,3.67084478718327
2013.9537334991192,8.639173448071311
2469.944380583526,10.0
1710.0823536384407,7.090922857038269
1635.9866772324187,7.916382141091287
801.3716436113099,3.5600627235224716
369.9980266371077,1.0
2701.925698064648,10.0
2711.2123657736583,10.0
1935.994226092477,9.001150064981795
1083.186394041232,3.336977893858098
1112.7077663767166,4.475169707882646
2205.2714687236944,10.0
2701.6197538624738,10.0
2672.5506303688403,10.0
2361.6390829871093,9.084656108279486
1961.8917738474345,8.147814768570438
344.00589848564164,1.0
568.72327087438,2.2450305856295163
2705.80714672853,10.0
1858.6442730128108,8.77039069240683
126.67144968822598,1.0
394.2674743114931,1.0
2024.1551304133618,8.587447032728837
114.67859315403419,1.0
566.3433491107461,1.3120998966972746
1691.3279891630998,5.716174685791573
2106.4960733088105,8.97900834283638
1990.6876525575415,7.670756562484796
750.3809974356234,2.65370851647614
2165.319741907854,9.54655765719738
788.0223537407202,1.876183896907188
1043.6591246618764,3.409975472907366
2264.82507484227,9.18859726107798
1983.9354072369226,8.38206957782071
2562.747890433116,10.0
2007.0773876709957,7.943951310553652
1748.0949496728676,7.542902657675045
371.65682670146816,1.0
1166.3758288723573,3.85615544500438
869.0868662770038,2.7812161154122843
807.5699657993424,1.9167044355450873
2921.730608782092,10.0
1239.9834015336053,3.981190272114717
2686.9350100136285,10.0
1930.3020153920625,8.17266820814335
2404.9527802707803,10.0
1557.647570005057,6.416625796465818
1773.0212654164413,7.29770949726771
1528.3013120747053,6.008924800653593
666.2046646143291,2.1995233430977006
2195.1111342583654,9.93006029732021
914.2398510784818,2.752898566826093
170.51630265121614,1.0
1971.8696581307868,8.194317272362948
613.620970280442,1.0
2827.3298946234513,10.0
2866.3928733075036,10.0
2753.1067316393005,10.0
1173.4602307407888,4.2178795299701175
144.82418793371554,1.0
2792.123831504404,10.0
1341.7340301202116,7.055998635674201
2903.2989752266417,10.0
2894.497933558833,10.0
2573.727420855344,10.0
953.9017870017985,2.3056411428544497
1216.7834129455832,4.70599524624825
2568.296347398885,10.0
1019.0738149532052,2.7420168490074217
591.5289653896682,1.069701096402825
1714.7236611292155,6.42468950347744
2814.848845066265,10.0
2118.486410357422,9.62141590595678
1753.1773932591584,7.261103381505822
381.8118319352287,1.2970256430101592
1883.5209574275923,7.964025771726532
2971.1561653023637,10.0
506.24364418591966,1.9450926672913929
1603.1559918548364,6.839125985484977
2644.381908591071,10.0
2248.228991487193,9.6269417505858
2121.345648886277,8.581357292400531
2137.203843562617,8.356339379234484
1142.52433853729,4.768328221205436
951.4163483670308,4.402731726117231
2447.1473508876893,9.896596210146962
2449.3288445696244,10.0
2614.509723882301,10.0
2748.397602413767,10.0
1582.8929566967197,6.059028428940277
1554.3972545928789,5.753591811156505
2415.056019003648,10.0
1984.895399255519,7.925906926430971
2135.70394404734,9.340793815704604
2407.798741364693,10.0
2681.015491270942,10.0
1080.1859548694538,3.35639157712231
1189.1905626558375,4.099890014938189
372.5476255385201,1.0
1777.0124088889045,7.685612357019151
204.23259401055205,1.0
1450.2342525841345,5.8107706461782085
1673.6694406519723,7.319179477282936
930.9696311720248,2.1532049871873014
1813.4164556501312,7.893098393678616
188.45072482324335,1.0
208.3097473727218,1.0
2485.541625913009,10.0
1144.5528600926623,3.1398350400646002
468.47548669046586,1.0
1614.5054541589327,6.601378238791494
2332.9813039859714,10.0
725.8809797408452,1.586814923641581
1906.3823798751007,8.415067374641927
347.50764848192716,1.0
